{
  "Create payment token for a given payment source" : {
    "transaction" : "Create payment token for a given payment source",
    "sampleCount" : 2586,
    "errorCount" : 0,
    "errorPct" : 0.0,
    "meanResTime" : 988.5108275328713,
    "medianResTime" : 1114.0,
    "minResTime" : 268.0,
    "maxResTime" : 2197.0,
    "pct1ResTime" : 1447.3000000000002,
    "pct2ResTime" : 1544.65,
    "pct3ResTime" : 1871.2600000000002,
    "throughput" : 39.3583343479849,
    "receivedKBytesPerSec" : 60.00722701433703,
    "sentKBytesPerSec" : 16.98865603692317
  },
  "Total" : {
    "transaction" : "Total",
    "sampleCount" : 3213,
    "errorCount" : 3,
    "errorPct" : 0.09337068,
    "meanResTime" : 979.5150949268588,
    "medianResTime" : 1112.0,
    "minResTime" : 0.0,
    "maxResTime" : 2197.0,
    "pct1ResTime" : 1485.6,
    "pct2ResTime" : 1637.0,
    "pct3ResTime" : 1884.4400000000005,
    "throughput" : 48.6560157492239,
    "receivedKBytesPerSec" : 88.9883205875672,
    "sentKBytesPerSec" : 21.154116898235785
  },
  "(SpikeTesting)CreatePaymentToken_tr_ForGivenPaymentSource" : {
    "transaction" : "(SpikeTesting)CreatePaymentToken_tr_ForGivenPaymentSource",
    "sampleCount" : 2589,
    "errorCount" : 3,
    "errorPct" : 0.11587486,
    "meanResTime" : 988.2893008883739,
    "medianResTime" : 1114.0,
    "minResTime" : 0.0,
    "maxResTime" : 2197.0,
    "pct1ResTime" : 1448.0,
    "pct2ResTime" : 1545.5,
    "pct3ResTime" : 1872.1,
    "throughput" : 39.40339395784187,
    "receivedKBytesPerSec" : 60.006313731831675,
    "sentKBytesPerSec" : 16.98839747736093
  },
  "Get Auth Token" : {
    "transaction" : "Get Auth Token",
    "sampleCount" : 314,
    "errorCount" : 0,
    "errorPct" : 0.0,
    "meanResTime" : 434.16242038216546,
    "medianResTime" : 386.0,
    "minResTime" : 310.0,
    "maxResTime" : 1012.0,
    "pct1ResTime" : 622.0,
    "pct2ResTime" : 856.0,
    "pct3ResTime" : 912.4000000000005,
    "throughput" : 5.998318942461985,
    "receivedKBytesPerSec" : 27.8913174810881,
    "sentKBytesPerSec" : 2.8058542709368077
  }
}