{
  "Create payment token for a given payment source" : {
    "transaction" : "Create payment token for a given payment source",
    "sampleCount" : 10772,
    "errorCount" : 20,
    "errorPct" : 0.18566655,
    "meanResTime" : 840.6016524322291,
    "medianResTime" : 806.0,
    "minResTime" : 38.0,
    "maxResTime" : 2419.0,
    "pct1ResTime" : 1305.0,
    "pct2ResTime" : 1445.0,
    "pct3ResTime" : 1696.2700000000004,
    "throughput" : 111.9564313627671,
    "receivedKBytesPerSec" : 170.97338280535462,
    "sentKBytesPerSec" : 48.235220753305065
  },
  "Total" : {
    "transaction" : "Total",
    "sampleCount" : 11072,
    "errorCount" : 104,
    "errorPct" : 0.9393064,
    "meanResTime" : 830.3572073699422,
    "medianResTime" : 796.0,
    "minResTime" : 0.0,
    "maxResTime" : 2419.0,
    "pct1ResTime" : 1298.7000000000007,
    "pct2ResTime" : 1442.0,
    "pct3ResTime" : 1692.0,
    "throughput" : 114.36362509554402,
    "receivedKBytesPerSec" : 178.15931999762432,
    "sentKBytesPerSec" : 48.95629038026525
  },
  "(LoadTesting)CreatePaymentToken_tr_ForGivenPaymentSource" : {
    "transaction" : "(LoadTesting)CreatePaymentToken_tr_ForGivenPaymentSource",
    "sampleCount" : 10856,
    "errorCount" : 104,
    "errorPct" : 0.9579956,
    "meanResTime" : 837.1717943994119,
    "medianResTime" : 808.0,
    "minResTime" : 0.0,
    "maxResTime" : 2419.0,
    "pct1ResTime" : 1304.0,
    "pct2ResTime" : 1444.0,
    "pct3ResTime" : 1694.8600000000006,
    "throughput" : 112.72870760731864,
    "receivedKBytesPerSec" : 170.82069946626237,
    "sentKBytesPerSec" : 48.19214554214865
  },
  "Get Auth Token" : {
    "transaction" : "Get Auth Token",
    "sampleCount" : 150,
    "errorCount" : 0,
    "errorPct" : 0.0,
    "meanResTime" : 484.08,
    "medianResTime" : 351.5,
    "minResTime" : 304.0,
    "maxResTime" : 1526.0,
    "pct1ResTime" : 860.7,
    "pct2ResTime" : 1079.9999999999989,
    "pct3ResTime" : 1520.9,
    "throughput" : 5.451968160505943,
    "receivedKBytesPerSec" : 25.349096336277395,
    "sentKBytesPerSec" : 2.5502858875804164
  }
}