{
  "Total" : {
    "transaction" : "Total",
    "sampleCount" : 31,
    "errorCount" : 0,
    "errorPct" : 0.0,
    "meanResTime" : 596.516129032258,
    "medianResTime" : 543.0,
    "minResTime" : 413.0,
    "maxResTime" : 1335.0,
    "pct1ResTime" : 964.4000000000002,
    "pct2ResTime" : 1240.7999999999997,
    "pct3ResTime" : 1335.0,
    "throughput" : 1.6742276949665154,
    "receivedKBytesPerSec" : 3.5928597226722836,
    "sentKBytesPerSec" : 0.9594742384964356
  },
  "GET_AUTH_TOKEN Http Request" : {
    "transaction" : "GET_AUTH_TOKEN Http Request",
    "sampleCount" : 1,
    "errorCount" : 0,
    "errorPct" : 0.0,
    "meanResTime" : 437.0,
    "medianResTime" : 437.0,
    "minResTime" : 437.0,
    "maxResTime" : 437.0,
    "pct1ResTime" : 437.0,
    "pct2ResTime" : 437.0,
    "pct3ResTime" : 437.0,
    "throughput" : 2.288329519450801,
    "receivedKBytesPerSec" : 10.637156750572082,
    "sentKBytesPerSec" : 1.0771238558352403
  },
  "PaymentMethodTokens_trx_GetListPaymentTokens" : {
    "transaction" : "PaymentMethodTokens_trx_GetListPaymentTokens",
    "sampleCount" : 40,
    "errorCount" : 0,
    "errorPct" : 0.0,
    "meanResTime" : 668.05,
    "medianResTime" : 561.5,
    "minResTime" : 534.0,
    "maxResTime" : 1335.0,
    "pct1ResTime" : 1161.3999999999996,
    "pct2ResTime" : 1327.1499999999994,
    "pct3ResTime" : 1335.0,
    "throughput" : 2.2670596236681027,
    "receivedKBytesPerSec" : 5.238368921446384,
    "sentKBytesPerSec" : 0.7748738948084335
  },
  "PaymentMethodTokens_trx_CreateSetupToken Http Request" : {
    "transaction" : "PaymentMethodTokens_trx_CreateSetupToken Http Request",
    "sampleCount" : 10,
    "errorCount" : 0,
    "errorPct" : 0.0,
    "meanResTime" : 469.40000000000003,
    "medianResTime" : 453.5,
    "minResTime" : 413.0,
    "maxResTime" : 661.0,
    "pct1ResTime" : 642.9000000000001,
    "pct2ResTime" : 661.0,
    "pct3ResTime" : 661.0,
    "throughput" : 0.5886508123381211,
    "receivedKBytesPerSec" : 0.9220663115140099,
    "sentKBytesPerSec" : 0.6156689648575465
  },
  "PaymentMethodTokens_trx_CreateSetupToken" : {
    "transaction" : "PaymentMethodTokens_trx_CreateSetupToken",
    "sampleCount" : 10,
    "errorCount" : 0,
    "errorPct" : 0.0,
    "meanResTime" : 469.40000000000003,
    "medianResTime" : 453.5,
    "minResTime" : 413.0,
    "maxResTime" : 661.0,
    "pct1ResTime" : 642.9000000000001,
    "pct2ResTime" : 661.0,
    "pct3ResTime" : 661.0,
    "throughput" : 0.5886854653558603,
    "receivedKBytesPerSec" : 0.9221205922175782,
    "sentKBytesPerSec" : 0.6157052083946548
  }
}