{
  "GET_AUTH_TOKEN" : {
    "transaction" : "GET_AUTH_TOKEN",
    "sampleCount" : 1,
    "errorCount" : 0,
    "errorPct" : 0.0,
    "meanResTime" : 1545.0,
    "medianResTime" : 1545.0,
    "minResTime" : 1545.0,
    "maxResTime" : 1545.0,
    "pct1ResTime" : 1545.0,
    "pct2ResTime" : 1545.0,
    "pct3ResTime" : 1545.0,
    "throughput" : 0.6472491909385113,
    "receivedKBytesPerSec" : 3.0086974110032365,
    "sentKBytesPerSec" : 0.3027659789644013
  },
  "Total" : {
    "transaction" : "Total",
    "sampleCount" : 11,
    "errorCount" : 0,
    "errorPct" : 0.0,
    "meanResTime" : 666.1818181818181,
    "medianResTime" : 475.0,
    "minResTime" : 428.0,
    "maxResTime" : 1545.0,
    "pct1ResTime" : 1450.6000000000004,
    "pct2ResTime" : 1545.0,
    "pct3ResTime" : 1545.0,
    "throughput" : 1.0945273631840797,
    "receivedKBytesPerSec" : 1.9667288557213929,
    "sentKBytesPerSec" : 0.8501438121890547
  },
  "VaultPaymentSource_tr_CreateSetupToken" : {
    "transaction" : "VaultPaymentSource_tr_CreateSetupToken",
    "sampleCount" : 18,
    "errorCount" : 0,
    "errorPct" : 0.0,
    "meanResTime" : 555.0,
    "medianResTime" : 468.0,
    "minResTime" : 428.0,
    "maxResTime" : 1073.0,
    "pct1ResTime" : 1005.5000000000001,
    "pct2ResTime" : 1073.0,
    "pct3ResTime" : 1073.0,
    "throughput" : 2.116650987770461,
    "receivedKBytesPerSec" : 3.1997809854186268,
    "sentKBytesPerSec" : 1.7094437176622768
  }
}