{
  "(ScalabilityTesting)CreatePaymentToken_tr_ForGivenPaymentSource" : {
    "transaction" : "(ScalabilityTesting)CreatePaymentToken_tr_ForGivenPaymentSource",
    "sampleCount" : 14579,
    "errorCount" : 128,
    "errorPct" : 0.87797517,
    "meanResTime" : 826.8941628369557,
    "medianResTime" : 805.0,
    "minResTime" : 0.0,
    "maxResTime" : 2385.0,
    "pct1ResTime" : 1293.0,
    "pct2ResTime" : 1432.0,
    "pct3ResTime" : 1688.0,
    "throughput" : 148.9568220364959,
    "receivedKBytesPerSec" : 225.96526169807612,
    "sentKBytesPerSec" : 63.73131446426017
  },
  "Total" : {
    "transaction" : "Total",
    "sampleCount" : 14880,
    "errorCount" : 128,
    "errorPct" : 0.86021507,
    "meanResTime" : 820.8199596774188,
    "medianResTime" : 796.0,
    "minResTime" : 0.0,
    "maxResTime" : 2385.0,
    "pct1ResTime" : 1289.0,
    "pct2ResTime" : 1428.0,
    "pct3ResTime" : 1684.1900000000005,
    "throughput" : 151.35333068871867,
    "receivedKBytesPerSec" : 235.97949954799975,
    "sentKBytesPerSec" : 64.84177130694822
  },
  "(ScalabilityTesting)Create payment token for a given payment source" : {
    "transaction" : "(ScalabilityTesting)Create payment token for a given payment source",
    "sampleCount" : 14480,
    "errorCount" : 29,
    "errorPct" : 0.20027624,
    "meanResTime" : 829.6334254143626,
    "medianResTime" : 802.0,
    "minResTime" : 31.0,
    "maxResTime" : 2385.0,
    "pct1ResTime" : 1293.0,
    "pct2ResTime" : 1432.0,
    "pct3ResTime" : 1688.0,
    "throughput" : 147.945317448965,
    "receivedKBytesPerSec" : 225.96526169807612,
    "sentKBytesPerSec" : 63.73131446426017
  },
  "Get Auth Token" : {
    "transaction" : "Get Auth Token",
    "sampleCount" : 200,
    "errorCount" : 0,
    "errorPct" : 0.0,
    "meanResTime" : 481.68999999999994,
    "medianResTime" : 359.0,
    "minResTime" : 306.0,
    "maxResTime" : 992.0,
    "pct1ResTime" : 866.0,
    "pct2ResTime" : 884.95,
    "pct3ResTime" : 964.9000000000001,
    "throughput" : 10.278548668927948,
    "receivedKBytesPerSec" : 47.792039264055916,
    "sentKBytesPerSec" : 4.8080320433754755
  }
}