{
  "Create payment token for a given payment source" : {
    "transaction" : "Create payment token for a given payment source",
    "sampleCount" : 127,
    "errorCount" : 0,
    "errorPct" : 0.0,
    "meanResTime" : 567.7480314960633,
    "medianResTime" : 369.0,
    "minResTime" : 270.0,
    "maxResTime" : 1855.0,
    "pct1ResTime" : 1095.8,
    "pct2ResTime" : 1210.1999999999998,
    "pct3ResTime" : 1733.7599999999995,
    "throughput" : 0.9746588693957114,
    "receivedKBytesPerSec" : 1.4878896716857761,
    "sentKBytesPerSec" : 0.4207023635477583
  },
  "CreatePaymentToken_tr_ForGivenPaymentSource" : {
    "transaction" : "CreatePaymentToken_tr_ForGivenPaymentSource",
    "sampleCount" : 128,
    "errorCount" : 1,
    "errorPct" : 0.78125,
    "meanResTime" : 563.3125000000002,
    "medianResTime" : 367.0,
    "minResTime" : 0.0,
    "maxResTime" : 1855.0,
    "pct1ResTime" : 1094.9,
    "pct2ResTime" : 1208.85,
    "pct3ResTime" : 1729.4299999999973,
    "throughput" : 0.9823333486822919,
    "receivedKBytesPerSec" : 1.4878896716857761,
    "sentKBytesPerSec" : 0.4207023635477583
  },
  "Total" : {
    "transaction" : "Total",
    "sampleCount" : 129,
    "errorCount" : 1,
    "errorPct" : 0.7751938,
    "meanResTime" : 561.6744186046508,
    "medianResTime" : 365.0,
    "minResTime" : 0.0,
    "maxResTime" : 1855.0,
    "pct1ResTime" : 1094.0,
    "pct2ResTime" : 1207.5,
    "pct3ResTime" : 1725.0999999999951,
    "throughput" : 0.9873330526960316,
    "receivedKBytesPerSec" : 1.5194775840955188,
    "sentKBytesPerSec" : 0.42314594016685164
  },
  "Get Auth Token" : {
    "transaction" : "Get Auth Token",
    "sampleCount" : 1,
    "errorCount" : 0,
    "errorPct" : 0.0,
    "meanResTime" : 352.0,
    "medianResTime" : 352.0,
    "minResTime" : 352.0,
    "maxResTime" : 352.0,
    "pct1ResTime" : 352.0,
    "pct2ResTime" : 352.0,
    "pct3ResTime" : 352.0,
    "throughput" : 2.840909090909091,
    "receivedKBytesPerSec" : 13.216885653409092,
    "sentKBytesPerSec" : 1.3289018110795456
  }
}